Atom,BasisSet,LightSpeed,Energy
Ar,ano-rcc-dzp,34.25899725,-349.532628672221
Ar,ano-rcc-dzp,68.5179945,-322.21283065371
Ar,ano-rcc-dzp,137.035989,-314.007932486948
Ar,ano-rcc-dzp,274.071978,-311.809773573069
Ar,ano-rcc-dzp,548.143956,-311.247468288048
Ar,ano-rcc-dzp,1096.287912,-311.105970305293
Ar,ano-rcc-dzp,2192.575824,-311.070535456264
Ar,ano-rcc-dzp,4385.151648,-311.061672923415
He,ano-rcc-dzp,34.25899725,-2.839068057611
He,ano-rcc-dzp,68.5179945,-2.835725072703
He,ano-rcc-dzp,137.035989,-2.834889321245
He,ano-rcc-dzp,274.071978,-2.834680382225
He,ano-rcc-dzp,548.143956,-2.834628147384
He,ano-rcc-dzp,1096.287912,-2.834615088668
He,ano-rcc-dzp,2192.575824,-2.834611823989
He,ano-rcc-dzp,4385.151648,-2.834611007819
Kr,ano-rcc-dzp,34.25899725,-1783.751268807429
Kr,ano-rcc-dzp,68.5179945,-1450.606781630369
Kr,ano-rcc-dzp,137.035989,-1311.711372996902
Kr,ano-rcc-dzp,274.071978,-1266.824625809059
Kr,ano-rcc-dzp,548.143956,-1253.885871537263
Kr,ano-rcc-dzp,1096.287912,-1250.405932241178
Kr,ano-rcc-dzp,2192.575824,-1249.510742069674
Kr,ano-rcc-dzp,4385.151648,-1249.285007267111
Ne,ano-rcc-dzp,34.25899725,-96.979000460445
Ne,ano-rcc-dzp,68.5179945,-94.188237561362
Ne,ano-rcc-dzp,137.035989,-93.444832853026
Ne,ano-rcc-dzp,274.071978,-93.255280136404
Ne,ano-rcc-dzp,548.143956,-93.207631378107
Ne,ano-rcc-dzp,1096.287912,-93.195702232642
Ne,ano-rcc-dzp,2192.575824,-93.192718874503
Ne,ano-rcc-dzp,4385.151648,-93.191972967786
Ar,ano-rcc-qzp,34.25899725,-349.908891509472
Ar,ano-rcc-qzp,68.5179945,-322.248373164708
Ar,ano-rcc-qzp,137.035989,-314.010904639322
Ar,ano-rcc-qzp,274.071978,-311.810114994681
Ar,ano-rcc-qzp,548.143956,-311.247561750806
Ar,ano-rcc-qzp,1096.287912,-311.106028798817
Ar,ano-rcc-qzp,2192.575824,-311.070586921524
Ar,ano-rcc-qzp,4385.151648,-311.061722739147
He,ano-rcc-qzp,34.25899725,-2.839230443535
He,ano-rcc-qzp,68.5179945,-2.835896695906
He,ano-rcc-qzp,137.035989,-2.835063812614
He,ano-rcc-qzp,274.071978,-2.834855625624
He,ano-rcc-qzp,548.143956,-2.834803580978
He,ano-rcc-qzp,1096.287912,-2.834790569948
He,ano-rcc-qzp,2192.575824,-2.834787317198
He,ano-rcc-qzp,4385.151648,-2.834786504012
Kr,ano-rcc-qzp,34.25899725,-1785.521285876546
Kr,ano-rcc-qzp,68.5179945,-1450.834944703285
Kr,ano-rcc-qzp,137.035989,-1311.714979158634
Kr,ano-rcc-qzp,274.071978,-1266.831577567189
Kr,ano-rcc-qzp,548.143956,-1253.901560012884
Kr,ano-rcc-qzp,1096.287912,-1250.424570294846
Kr,ano-rcc-qzp,2192.575824,-1249.53017932568
Kr,ano-rcc-qzp,4385.151648,-1249.30464863674
Ne,ano-rcc-qzp,34.25899725,-97.038945052872
Ne,ano-rcc-qzp,68.5179945,-94.191614004127
Ne,ano-rcc-qzp,137.035989,-93.444946335061
Ne,ano-rcc-qzp,274.071978,-93.255364123738
Ne,ano-rcc-qzp,548.143956,-93.207759309121
Ne,ano-rcc-qzp,1096.287912,-93.195844395258
Ne,ano-rcc-qzp,2192.575824,-93.192864798499
Ne,ano-rcc-qzp,4385.151648,-93.192119844855
Ar,ano-rcc-tzp,34.25899725,-349.679909591929
Ar,ano-rcc-tzp,68.5179945,-322.22737475428
Ar,ano-rcc-tzp,137.035989,-314.009319883752
Ar,ano-rcc-tzp,274.071978,-311.809986916379
Ar,ano-rcc-tzp,548.143956,-311.247545667549
Ar,ano-rcc-tzp,1096.287912,-311.106024086856
Ar,ano-rcc-tzp,2192.575824,-311.070583997637
Ar,ano-rcc-tzp,4385.151648,-311.061720196102
He,ano-rcc-tzp,34.25899725,-2.839156029807
He,ano-rcc-tzp,68.5179945,-2.835834768971
He,ano-rcc-tzp,137.035989,-2.835004828962
He,ano-rcc-tzp,274.071978,-2.834797366642
He,ano-rcc-tzp,548.143956,-2.834745502468
He,ano-rcc-tzp,1096.287912,-2.834732536512
He,ano-rcc-tzp,2192.575824,-2.834729295028
He,ano-rcc-tzp,4385.151648,-2.834728484658
Kr,ano-rcc-tzp,34.25899725,-1784.530589307014
Kr,ano-rcc-tzp,68.5179945,-1450.707636416929
Kr,ano-rcc-tzp,137.035989,-1311.713015691315
Kr,ano-rcc-tzp,274.071978,-1266.827616232447
Kr,ano-rcc-tzp,548.143956,-1253.892677200487
Kr,ano-rcc-tzp,1096.287912,-1250.41402868568
Kr,ano-rcc-tzp,2192.575824,-1249.519188408843
Kr,ano-rcc-tzp,4385.151648,-1249.293542977476
Ne,ano-rcc-tzp,34.25899725,-97.008669629648
Ne,ano-rcc-tzp,68.5179945,-94.190257897826
Ne,ano-rcc-tzp,137.035989,-93.444946227616
Ne,ano-rcc-tzp,274.071978,-93.255283670051
Ne,ano-rcc-tzp,548.143956,-93.207631484058
Ne,ano-rcc-tzp,1096.287912,-93.195703002975
Ne,ano-rcc-tzp,2192.575824,-93.192719906327
Ne,ano-rcc-tzp,4385.151648,-93.19197407095
Ar,cc-pcv5z,34.25899725,-360.490477444383
Ar,cc-pcv5z,68.5179945,-322.537893637564
Ar,cc-pcv5z,137.035989,-314.219473146195
Ar,cc-pcv5z,274.071978,-312.202639099888
Ar,cc-pcv5z,548.143956,-311.701993775424
Ar,cc-pcv5z,1096.287912,-311.577043547996
Ar,cc-pcv5z,2192.575824,-311.545818899381
Ar,cc-pcv5z,4385.151648,-311.538013538494
He,cc-pcv5z,34.25899725,-2.839179873055
He,cc-pcv5z,68.5179945,-2.835839482903
He,cc-pcv5z,137.035989,-2.835005498723
He,cc-pcv5z,274.071978,-2.834797071714
He,cc-pcv5z,548.143956,-2.834744969267
He,cc-pcv5z,1096.287912,-2.834731943924
He,cc-pcv5z,2192.575824,-2.834728687605
He,cc-pcv5z,4385.151648,-2.834727873527
Kr,cc-pcv5z,34.25899725,-2155.886588889125
Kr,cc-pcv5z,68.5179945,-1462.876891197027
Kr,cc-pcv5z,137.035989,-1315.391443638947
Kr,cc-pcv5z,274.071978,-1281.69735999509
Kr,cc-pcv5z,548.143956,-1273.457404785874
Kr,cc-pcv5z,1096.287912,-1271.407528390707
Kr,cc-pcv5z,2192.575824,-1270.895637815451
Kr,cc-pcv5z,4385.151648,-1270.767699863334
Ne,cc-pcv5z,34.25899725,-97.312732051164
Ne,cc-pcv5z,68.5179945,-94.200625268449
Ne,cc-pcv5z,137.035989,-93.45754857636
Ne,cc-pcv5z,274.071978,-93.273784686849
Ne,cc-pcv5z,548.143956,-93.22796437755
Ne,cc-pcv5z,1096.287912,-93.216516740183
Ne,cc-pcv5z,2192.575824,-93.213655294022
Ne,cc-pcv5z,4385.151648,-93.212939961404
Ar,cc-pcvdz,34.25899725,-349.611357134054
Ar,cc-pcvdz,68.5179945,-321.835163685961
Ar,cc-pcvdz,137.035989,-314.170593031632
Ar,cc-pcvdz,274.071978,-312.196449434148
Ar,cc-pcvdz,548.143956,-311.698773524816
Ar,cc-pcvdz,1096.287912,-311.574082917909
Ar,cc-pcvdz,2192.575824,-311.542893048096
Ar,cc-pcvdz,4385.151648,-311.535094500522
He,cc-pcvdz,34.25899725,-2.83091614405
He,cc-pcvdz,68.5179945,-2.827759077057
He,cc-pcvdz,137.035989,-2.826969692847
He,cc-pcvdz,274.071978,-2.826772339342
He,cc-pcvdz,548.143956,-2.826723000498
He,cc-pcvdz,1096.287912,-2.826710665757
He,cc-pcvdz,2192.575824,-2.82670758207
He,cc-pcvdz,4385.151648,-2.826706811149
Kr,cc-pcvdz,34.25899725,-1696.827766096295
Kr,cc-pcvdz,68.5179945,-1417.457967498839
Kr,cc-pcvdz,137.035989,-1312.009717820414
Kr,cc-pcvdz,274.071978,-1281.422845001261
Kr,cc-pcvdz,548.143956,-1273.41449568273
Kr,cc-pcvdz,1096.287912,-1271.386607638881
Kr,cc-pcvdz,2192.575824,-1270.877949496989
Kr,cc-pcvdz,4385.151648,-1270.750678237324
Ne,cc-pcvdz,34.25899725,-97.125039762894
Ne,cc-pcvdz,68.5179945,-94.184210336717
Ne,cc-pcvdz,137.035989,-93.453198943325
Ne,cc-pcvdz,274.071978,-93.270587269721
Ne,cc-pcvdz,548.143956,-93.224939554538
Ne,cc-pcvdz,1096.287912,-93.213527880317
Ne,cc-pcvdz,2192.575824,-93.210674976492
Ne,cc-pcvdz,4385.151648,-93.209961751437
Ar,cc-pcvqz,34.25899725,-358.513471809547
Ar,cc-pcvqz,68.5179945,-322.433581101071
Ar,cc-pcvqz,137.035989,-314.212101878192
Ar,cc-pcvqz,274.071978,-312.201768623743
Ar,cc-pcvqz,548.143956,-311.701677098178
Ar,cc-pcvqz,1096.287912,-311.576799452613
Ar,cc-pcvqz,2192.575824,-311.545588888729
Ar,cc-pcvqz,4385.151648,-311.537786796675
He,cc-pcvqz,34.25899725,-2.839008019021
He,cc-pcvqz,68.5179945,-2.835674689114
He,cc-pcvqz,137.035989,-2.834842175425
He,cc-pcvqz,274.071978,-2.834634097728
He,cc-pcvqz,548.143956,-2.834582081467
He,cc-pcvqz,1096.287912,-2.834569077599
He,cc-pcvqz,2192.575824,-2.834565826644
He,cc-pcvqz,4385.151648,-2.834565013906
Kr,cc-pcvqz,34.25899725,-2125.026830325632
Kr,cc-pcvqz,68.5179945,-1460.654915067412
Kr,cc-pcvqz,137.035989,-1315.258477643368
Kr,cc-pcvqz,274.071978,-1281.687262658425
Kr,cc-pcvqz,548.143956,-1273.455643880098
Kr,cc-pcvqz,1096.287912,-1271.406547525727
Kr,cc-pcvqz,2192.575824,-1270.894777882997
Kr,cc-pcvqz,4385.151648,-1270.766865883786
Ne,cc-pcvqz,34.25899725,-97.29697319509
Ne,cc-pcvqz,68.5179945,-94.199303674336
Ne,cc-pcvqz,137.035989,-93.457226276639
Ne,cc-pcvqz,274.071978,-93.273555005075
Ne,cc-pcvqz,548.143956,-93.227748238498
Ne,cc-pcvqz,1096.287912,-93.216303396551
Ne,cc-pcvqz,2192.575824,-93.213442612599
Ne,cc-pcvqz,4385.151648,-93.212727443244
Ar,cc-pcvtz,34.25899725,-353.757013879538
Ar,cc-pcvtz,68.5179945,-322.147136602099
Ar,cc-pcvtz,137.035989,-314.194007764521
Ar,cc-pcvtz,274.071978,-312.20044023783
Ar,cc-pcvtz,548.143956,-311.70139635157
Ar,cc-pcvtz,1096.287912,-311.576583806456
Ar,cc-pcvtz,2192.575824,-311.545377217024
Ar,cc-pcvtz,4385.151648,-311.537575349863
He,cc-pcvtz,34.25899725,-2.838494453184
He,cc-pcvtz,68.5179945,-2.835182404048
He,cc-pcvtz,137.035989,-2.83435468014
He,cc-pcvtz,274.071978,-2.83414776684
He,cc-pcvtz,548.143956,-2.834096039615
He,cc-pcvtz,1096.287912,-2.834083107877
He,cc-pcvtz,2192.575824,-2.834079874947
He,cc-pcvtz,4385.151648,-2.834079066715
Kr,cc-pcvtz,34.25899725,-1697.824663699762
Kr,cc-pcvtz,68.5179945,-1417.644233163092
Kr,cc-pcvtz,137.035989,-1312.040055390278
Kr,cc-pcvtz,274.071978,-1281.438047394423
Kr,cc-pcvtz,548.143956,-1273.427663407015
Kr,cc-pcvtz,1096.287912,-1271.39915662461
Kr,cc-pcvtz,2192.575824,-1270.89032073561
Kr,cc-pcvtz,4385.151648,-1270.763003090772
Ne,cc-pcvtz,34.25899725,-97.216808822752
Ne,cc-pcvtz,68.5179945,-94.191715391314
Ne,cc-pcvtz,137.035989,-93.454737971782
Ne,cc-pcvtz,274.071978,-93.271563177032
Ne,cc-pcvtz,548.143956,-93.225832578038
Ne,cc-pcvtz,1096.287912,-93.21440379923
Ne,cc-pcvtz,2192.575824,-93.211546845242
Ne,cc-pcvtz,4385.151648,-93.210832621771
Ar,def2-qzvpp,34.25899725,-358.795122640397
Ar,def2-qzvpp,68.5179945,-322.44724409654
Ar,def2-qzvpp,137.035989,-314.21300029458
Ar,def2-qzvpp,274.071978,-312.201933800345
Ar,def2-qzvpp,548.143956,-311.701794139875
Ar,def2-qzvpp,1096.287912,-311.57691205397
Ar,def2-qzvpp,2192.575824,-311.545700827701
Ar,def2-qzvpp,4385.151648,-311.537898597472
He,def2-qzvpp,34.25899725,-2.839171049199
He,def2-qzvpp,68.5179945,-2.835836502097
He,def2-qzvpp,137.035989,-2.83500349695
He,def2-qzvpp,274.071978,-2.834795284522
He,def2-qzvpp,548.143956,-2.834743233833
He,def2-qzvpp,1096.287912,-2.834730221312
He,def2-qzvpp,2192.575824,-2.834726968191
He,def2-qzvpp,4385.151648,-2.834726154912
Kr,def2-qzvpp,34.25899725,-2181.840990001911
Kr,def2-qzvpp,68.5179945,-1463.025558910554
Kr,def2-qzvpp,137.035989,-1315.37022173648
Kr,def2-qzvpp,274.071978,-1281.693762057005
Kr,def2-qzvpp,548.143956,-1273.456995258143
Kr,def2-qzvpp,1096.287912,-1271.407799256157
Kr,def2-qzvpp,2192.575824,-1270.896076651826
Kr,def2-qzvpp,4385.151648,-1270.768180899019
Ne,def2-qzvpp,34.25899725,-97.262665331849
Ne,def2-qzvpp,68.5179945,-94.197502074362
Ne,def2-qzvpp,137.035989,-93.457300101904
Ne,def2-qzvpp,274.071978,-93.273709429809
Ne,def2-qzvpp,548.143956,-93.227897796049
Ne,def2-qzvpp,1096.287912,-93.216450152335
Ne,def2-qzvpp,2192.575824,-93.213588568475
Ne,def2-qzvpp,4385.151648,-93.21287319292
Ar,def2-svp,34.25899725,-346.637096209047
Ar,def2-svp,68.5179945,-321.369926564404
Ar,def2-svp,137.035989,-314.003268783278
Ar,def2-svp,274.071978,-312.074066087531
Ar,def2-svp,548.143956,-311.585711071094
Ar,def2-svp,1096.287912,-311.463232638862
Ar,def2-svp,2192.575824,-311.432588487085
Ar,def2-svp,4385.151648,-311.424925912151
He,def2-svp,34.25899725,-2.830917316208
He,def2-svp,68.5179945,-2.827760283166
He,def2-svp,137.035989,-2.826970907386
He,def2-svp,274.071978,-2.826773555984
He,def2-svp,548.143956,-2.826724217666
He,def2-svp,1096.287912,-2.826711883057
He,def2-svp,2192.575824,-2.826708799403
He,def2-svp,4385.151648,-2.826708028489
Kr,def2-svp,34.25899725,-1690.568091640188
Kr,def2-svp,68.5179945,-1415.976518068073
Kr,def2-svp,137.035989,-1311.60141280186
Kr,def2-svp,274.071978,-1281.23119605036
Kr,def2-svp,548.143956,-1273.276993552441
Kr,def2-svp,1096.287912,-1271.263105796099
Kr,def2-svp,2192.575824,-1270.757994274354
Kr,def2-svp,4385.151648,-1270.63161295956
Ne,def2-svp,34.25899725,-96.742199289657
Ne,def2-svp,68.5179945,-94.10438360536
Ne,def2-svp,137.035989,-93.409136478597
Ne,def2-svp,274.071978,-93.232810505161
Ne,def2-svp,548.143956,-93.188566290936
Ne,def2-svp,1096.287912,-93.177494972355
Ne,def2-svp,2192.575824,-93.174726499625
Ne,def2-svp,4385.151648,-93.174034341226
Ar,def2-tzvp,34.25899725,-346.986333688518
Ar,def2-tzvp,68.5179945,-321.549902863173
Ar,def2-tzvp,137.035989,-314.129013144224
Ar,def2-tzvp,274.071978,-312.183496065595
Ar,def2-tzvp,548.143956,-311.690733739575
Ar,def2-tzvp,1096.287912,-311.567128107606
Ar,def2-tzvp,2192.575824,-311.536200474145
Ar,def2-tzvp,4385.151648,-311.528466922068
He,def2-tzvp,34.25899725,-2.83695738932
He,def2-tzvp,68.5179945,-2.833659549535
He,def2-tzvp,137.035989,-2.832835653807
He,def2-tzvp,274.071978,-2.832629714945
He,def2-tzvp,548.143956,-2.832578232418
He,def2-tzvp,1096.287912,-2.832565361924
He,def2-tzvp,2192.575824,-2.832562144308
He,def2-tzvp,4385.151648,-2.832561339905
Kr,def2-tzvp,34.25899725,-1695.333349872014
Kr,def2-tzvp,68.5179945,-1417.167469094351
Kr,def2-tzvp,137.035989,-1311.963481553548
Kr,def2-tzvp,274.071978,-1281.411664879528
Kr,def2-tzvp,548.143956,-1273.409589956658
Kr,def2-tzvp,1096.287912,-1271.383120352737
Kr,def2-tzvp,2192.575824,-1270.874808344311
Kr,def2-tzvp,4385.151648,-1270.747623112787
Ne,def2-tzvp,34.25899725,-97.169765646417
Ne,def2-tzvp,68.5179945,-94.188865190672
Ne,def2-tzvp,137.035989,-93.455355830468
Ne,def2-tzvp,274.071978,-93.272572017958
Ne,def2-tzvp,548.143956,-93.226908752904
Ne,def2-tzvp,1096.287912,-93.215494889735
Ne,def2-tzvp,2192.575824,-93.212641544481
Ne,def2-tzvp,4385.151648,-93.211928215676
Ar,pc-1,34.25899725,-346.957836618816
Ar,pc-1,68.5179945,-321.555821047374
Ar,pc-1,137.035989,-314.127833844367
Ar,pc-1,274.071978,-312.178169424957
Ar,pc-1,548.143956,-311.684181022153
Ar,pc-1,1096.287912,-311.560256300899
Ar,pc-1,2192.575824,-311.529248097806
Ar,pc-1,4385.151648,-311.521494353308
He,pc-1,34.25899725,-2.831987537208
He,pc-1,68.5179945,-2.82873319878
He,pc-1,137.035989,-2.827919452672
He,pc-1,274.071978,-2.827716005933
He,pc-1,548.143956,-2.827665143608
He,pc-1,1096.287912,-2.827652427986
He,pc-1,2192.575824,-2.827649249078
He,pc-1,4385.151648,-2.827648454351
Kr,pc-1,34.25899725,-1691.110699386442
Kr,pc-1,68.5179945,-1416.416522650662
Kr,pc-1,137.035989,-1311.802324399383
Kr,pc-1,274.071978,-1281.317258978688
Kr,pc-1,548.143956,-1273.327333818868
Kr,pc-1,1096.287912,-1271.303920442375
Kr,pc-1,2192.575824,-1270.796386336164
Kr,pc-1,4385.151648,-1270.669396726976
Ne,pc-1,34.25899725,-96.821602823657
Ne,pc-1,68.5179945,-94.133250771718
Ne,pc-1,137.035989,-93.421816082377
Ne,pc-1,274.071978,-93.241175767728
Ne,pc-1,548.143956,-93.195835357596
Ne,pc-1,1096.287912,-93.184488874331
Ne,pc-1,2192.575824,-93.181651540459
Ne,pc-1,4385.151648,-93.180942162397
Ar,pc-2,34.25899725,-347.097187868748
Ar,pc-2,68.5179945,-321.572055463823
Ar,pc-2,137.035989,-314.136311390374
Ar,pc-2,274.071978,-312.187679384338
Ar,pc-2,548.143956,-311.694135197424
Ar,pc-2,1096.287912,-311.570331753729
Ar,pc-2,2192.575824,-311.539354468395
Ar,pc-2,4385.151648,-311.531608489974
He,pc-2,34.25899725,-2.838665379445
He,pc-2,68.5179945,-2.83533993493
He,pc-2,137.035989,-2.83450885266
He,pc-2,274.071978,-2.83430109918
He,pc-2,548.143956,-2.834249161872
He,pc-2,1096.287912,-2.834236177612
He,pc-2,2192.575824,-2.834232931551
He,pc-2,4385.151648,-2.834232120036
Kr,pc-2,34.25899725,-1702.125864804024
Kr,pc-2,68.5179945,-1418.456252921394
Kr,pc-2,137.035989,-1312.135482252669
Kr,pc-2,274.071978,-1281.443720050047
Kr,pc-2,548.143956,-1273.420688379304
Kr,pc-2,1096.287912,-1271.389831719387
Kr,pc-2,2192.575824,-1270.880469563571
Kr,pc-2,4385.151648,-1270.753024509096
Ne,pc-2,34.25899725,-96.872096506312
Ne,pc-2,68.5179945,-94.166183548919
Ne,pc-2,137.035989,-93.451822364642
Ne,pc-2,274.071978,-93.270512307338
Ne,pc-2,548.143956,-93.225006697772
Ne,pc-2,1096.287912,-93.213619017061
Ne,pc-2,2192.575824,-93.210771389574
Ne,pc-2,4385.151648,-93.210059438457
Ar,pc-3,34.25899725,-347.2294356316
Ar,pc-3,68.5179945,-321.590408988307
Ar,pc-3,137.035989,-314.140647860874
Ar,pc-3,274.071978,-312.189835296947
Ar,pc-3,548.143956,-311.695800740341
Ar,pc-3,1096.287912,-311.571875371638
Ar,pc-3,2192.575824,-311.540867558127
Ar,pc-3,4385.151648,-311.53311394294
He,pc-3,34.25899725,-2.839262805675
He,pc-3,68.5179945,-2.835922646297
He,pc-3,137.035989,-2.83508855666
He,pc-3,274.071978,-2.83488009294
He,pc-3,548.143956,-2.834827980667
He,pc-3,1096.287912,-2.834814952827
He,pc-3,2192.575824,-2.834811695881
He,pc-3,4385.151648,-2.834810881646
Kr,pc-3,34.25899725,-1702.98983217915
Kr,pc-3,68.5179945,-1418.602965928424
Kr,pc-3,137.035989,-1312.1515154284
Kr,pc-3,274.071978,-1281.447483675282
Kr,pc-3,548.143956,-1273.423146039998
Kr,pc-3,1096.287912,-1271.391980949157
Kr,pc-3,2192.575824,-1270.882534139673
Kr,pc-3,4385.151648,-1270.755067144599
Ne,pc-3,34.25899725,-97.206189579369
Ne,pc-3,68.5179945,-94.194636539603
Ne,pc-3,137.035989,-93.457227519334
Ne,pc-3,274.071978,-93.273697410529
Ne,pc-3,548.143956,-93.227860796267
Ne,pc-3,1096.287912,-93.216404386097
Ne,pc-3,2192.575824,-93.213540452744
Ne,pc-3,4385.151648,-93.212824479943
Ar,pc-4,34.25899725,-347.755103192364
Ar,pc-4,68.5179945,-321.638749976713
Ar,pc-4,137.035989,-314.143883179045
Ar,pc-4,274.071978,-312.190118390596
Ar,pc-4,548.143956,-311.695960866509
Ar,pc-4,1096.287912,-311.572044274314
Ar,pc-4,2192.575824,-311.541041106821
Ar,pc-4,4385.151648,-311.533288805553
He,pc-4,34.25899725,-2.839285031326
He,pc-4,68.5179945,-2.835943180275
He,pc-4,137.035989,-2.835109031655
He,pc-4,274.071978,-2.834900575827
He,pc-4,548.143956,-2.834848466938
He,pc-4,1096.287912,-2.834835440033
He,pc-4,2192.575824,-2.834832183326
He,pc-4,4385.151648,-2.834831369151
Kr,pc-4,34.25899725,-1767.89828320535
Kr,pc-4,68.5179945,-1429.055248881242
Kr,pc-4,137.035989,-1313.103199729131
Kr,pc-4,274.071978,-1281.523257427582
Kr,pc-4,548.143956,-1273.430950109433
Kr,pc-4,1096.287912,-1271.393652555789
Kr,pc-4,2192.575824,-1270.883374656007
Kr,pc-4,4385.151648,-1270.755743987311
Ne,pc-4,34.25899725,-97.253672510877
Ne,pc-4,68.5179945,-94.197067371842
Ne,pc-4,137.035989,-93.457392698783
Ne,pc-4,274.071978,-93.273832901989
Ne,pc-4,548.143956,-93.228021764987
Ne,pc-4,1096.287912,-93.2165737488
Ne,pc-4,2192.575824,-93.213712039635
Ne,pc-4,4385.151648,-93.212996630721
Ar,zora-def2-qzvpp,34.25899725,-361.874155176536
Ar,zora-def2-qzvpp,68.5179945,-322.627603964583
Ar,zora-def2-qzvpp,137.035989,-314.227700125081
Ar,zora-def2-qzvpp,274.071978,-312.199781537664
Ar,zora-def2-qzvpp,548.143956,-311.696783969765
Ar,zora-def2-qzvpp,1096.287912,-311.571264774339
Ar,zora-def2-qzvpp,2192.575824,-311.539898898321
Ar,zora-def2-qzvpp,4385.151648,-311.532058290783
He,zora-def2-qzvpp,34.25899725,-2.839171715911
He,zora-def2-qzvpp,68.5179945,-2.835836681604
He,zora-def2-qzvpp,137.035989,-2.835003554134
He,zora-def2-qzvpp,274.071978,-2.83479531109
He,zora-def2-qzvpp,548.143956,-2.834743252745
He,zora-def2-qzvpp,1096.287912,-2.83473023831
He,zora-def2-qzvpp,2192.575824,-2.834726984711
He,zora-def2-qzvpp,4385.151648,-2.834726171311
Kr,zora-def2-qzvpp,34.25899725,-2941.870464757907
Kr,zora-def2-qzvpp,68.5179945,-1480.522314736846
Kr,zora-def2-qzvpp,137.035989,-1316.374076341339
Kr,zora-def2-qzvpp,274.071978,-1281.655714581649
Kr,zora-def2-qzvpp,548.143956,-1273.276655395028
Kr,zora-def2-qzvpp,1096.287912,-1271.195904797908
Kr,zora-def2-qzvpp,2192.575824,-1270.676343634719
Kr,zora-def2-qzvpp,4385.151648,-1270.546484785473
Ne,zora-def2-qzvpp,34.25899725,-97.299636474069
Ne,zora-def2-qzvpp,68.5179945,-94.200602140701
Ne,zora-def2-qzvpp,137.035989,-93.457564659912
Ne,zora-def2-qzvpp,274.071978,-93.27359219139
Ne,zora-def2-qzvpp,548.143956,-93.227705157191
Ne,zora-def2-qzvpp,1096.287912,-93.216239907434
Ne,zora-def2-qzvpp,2192.575824,-93.213373999649
Ne,zora-def2-qzvpp,4385.151648,-93.212657547958
Ar,zora-def2-svp,34.25899725,-356.698438408981
Ar,zora-def2-svp,68.5179945,-322.258303025514
Ar,zora-def2-svp,137.035989,-314.103478160842
Ar,zora-def2-svp,274.071978,-312.091498799663
Ar,zora-def2-svp,548.143956,-311.590029765939
Ar,zora-def2-svp,1096.287912,-311.464754385602
Ar,zora-def2-svp,2192.575824,-311.433441220543
Ar,zora-def2-svp,4385.151648,-311.425613283266
He,zora-def2-svp,34.25899725,-2.83092296125
He,zora-def2-svp,68.5179945,-2.827765319885
He,zora-def2-svp,137.035989,-2.82697579204
He,zora-def2-svp,274.071978,-2.826778402623
He,zora-def2-svp,548.143956,-2.826729054801
He,zora-def2-svp,1096.287912,-2.826716717816
He,zora-def2-svp,2192.575824,-2.826713633568
He,zora-def2-svp,4385.151648,-2.826712862506
Kr,zora-def2-svp,34.25899725,-2132.592939405748
Kr,zora-def2-svp,68.5179945,-1465.749925691102
Kr,zora-def2-svp,137.035989,-1316.005024736851
Kr,zora-def2-svp,274.071978,-1280.93737404707
Kr,zora-def2-svp,548.143956,-1272.293339175574
Kr,zora-def2-svp,1096.287912,-1270.138487309505
Kr,zora-def2-svp,2192.575824,-1269.600120785086
Kr,zora-def2-svp,4385.151648,-1269.465550100885
Ne,zora-def2-svp,34.25899725,-96.872486856279
Ne,zora-def2-svp,68.5179945,-94.14251706597
Ne,zora-def2-svp,137.035989,-93.422245119939
Ne,zora-def2-svp,274.071978,-93.239517302815
Ne,zora-def2-svp,548.143956,-93.193663070442
Ne,zora-def2-svp,1096.287912,-93.182188642128
Ne,zora-def2-svp,2192.575824,-93.179319354014
Ne,zora-def2-svp,4385.151648,-93.178601989394
Ar,zora-def2-tzvp,34.25899725,-359.737447030312
Ar,zora-def2-tzvp,68.5179945,-322.537801131777
Ar,zora-def2-tzvp,137.035989,-314.217100822259
Ar,zora-def2-tzvp,274.071978,-312.189055434269
Ar,zora-def2-tzvp,548.143956,-311.684954712923
Ar,zora-def2-tzvp,1096.287912,-311.559102739759
Ar,zora-def2-tzvp,2192.575824,-311.527650408183
Ar,zora-def2-tzvp,4385.151648,-311.519787988934
He,zora-def2-tzvp,34.25899725,-2.836957833026
He,zora-def2-tzvp,68.5179945,-2.833659570743
He,zora-def2-tzvp,137.035989,-2.832835569554
He,zora-def2-tzvp,274.071978,-2.832629604337
He,zora-def2-tzvp,548.143956,-2.832578115222
He,zora-def2-tzvp,1096.287912,-2.83256524308
He,zora-def2-tzvp,2192.575824,-2.832562025053
He,zora-def2-tzvp,4385.151648,-2.832561220547
Kr,zora-def2-tzvp,34.25899725,-2410.345736698553
Kr,zora-def2-tzvp,68.5179945,-1474.10420429289
Kr,zora-def2-tzvp,137.035989,-1316.296633448106
Kr,zora-def2-tzvp,274.071978,-1281.362874024498
Kr,zora-def2-tzvp,548.143956,-1272.847936063921
Kr,zora-def2-tzvp,1096.287912,-1270.729969052544
Kr,zora-def2-tzvp,2192.575824,-1270.201066553718
Kr,zora-def2-tzvp,4385.151648,-1270.068876070685
Ne,zora-def2-tzvp,34.25899725,-97.197741164456
Ne,zora-def2-tzvp,68.5179945,-94.194731965776
Ne,zora-def2-tzvp,137.035989,-93.456641029954
Ne,zora-def2-tzvp,274.071978,-93.272748963815
Ne,zora-def2-tzvp,548.143956,-93.226810367034
Ne,zora-def2-tzvp,1096.287912,-93.215327767231
Ne,zora-def2-tzvp,2192.575824,-93.212457243634
Ne,zora-def2-tzvp,4385.151648,-93.211739620604
